"",,LMX Series
"",,"High Performance Linear AC Power SourcesSingle, Split and Three Phase ModeAnalog Amplifier Technology"
"Extensive Features:• True Linear Technology for superiooutput fidelity• Three Phase, Split Phase and SingleOutput Modes• Frequency Range 15 - 5000Hz• Less than 0.1% Vthd Distortion up• Ripple and Noise less than -72dB• Phase Angle Programming on 3ø• Precise Output Voltage and LoadRegulation• Metering of Volts, RMS Current, PeCurrent,  Apparent Power & True Pall Phases• Harmonic Measurements• Scope Function to capture VoltageCurrent waveforms• Sine, Square, Triangle, Clipped Sineand Arbitrary Waveforms Selection• Output LIST, PULSE and STEP ModTransient Programming• Standard USB, LAN, RS232 & GPIB I• Compatible with Legacy UPC Cont","ACPhaseo 450Hzodelskwer on&terfacesollers",
"",,
"",,
"""Innovating S","utions for Control and Monitoring of Power""",
Innovating S,"utions for Control and Monitoring of Power""",
""
""
"",,,,,,,,
"",,,,,,,,
"",,,,,,,,
"",,,,,,,,
"",,,,,,,,
MADE IN USA,,,,,,,,
""
FREQUENCY CONVERSIONAEROSPACER & DMILITARYMANUFACTURINGCUSTOM
"ProgrammingMetering"
""
"Total Control, Metering and Analysis of AC Power.   Sim"
""
"ProgrammingMetering"
""
""
"le, Intuitive Operation",LMX SERIES
""
""
""
""
"",
""
""
""
""
"Commercial Avionics Power TestThe low noise and low distortion  analog power conversiontechnology used in the LMX Series Power Source resultsinunmatchedvoltagequalityandhighpeakcurrentcapability.  A wide frequency range of 15Hz to 5000Hzsupports both 400Hz fixed frequency as well as 360Hzto800Hzwildfrequencydevelopmentandtestwithexceptional harmonics support.For compliance testing to electrical avionics test standardslike RTCA/DO160 Section 16, the high 50 kHz small signalbandwidth of the LMX Series outperforms any switch-mode AC power source.Waveform Controlwww.pacificpower.comsales@pacificpower.comToll Free: 1.800.854.2433Tel: +1.949.251.1800Page 3 of 12"
"",LMX SERIES
Selecting the best Topology for Your Application
""
""
""
BENEFITS
Very low output distortion
Wide output bandwidth
"High crest factor handling forwide range of loads withoutwaveform distortion"
DRAWBACKS
"Higher temperature operation due toclass A, B, and AB amplifier inefficiencies"
"Larger size due to increased componentcount"
"Higher weight due to increasedcomponent count"
LINEAR
Best
Best
Best
Best
Best
Best
Output Phase Modes
""
""
""
"",
""
"",
"",
"",
""
""
""
""
""
""
""
""
""
"",,
"",,
"",,
""
""
""
""
Page 4 of 12www.pacificpower.comsales@pacificpower.comToll Free: 1.800.854.2433Tel: +1.949.251.1800
"",LMX SERIES
Wide Selection of Voltage Ranges
""
""
""
""
""
""
"",,
"Powerful yet Easy to UseAlthoughLMXSeriessourcesofferawiderangeofoperating modes and features, they are easy to operatethrough a large full color LCD display and soft key drivenmenus.Top level menus are always available directly by pressinganyofthefivemenukeysontheleftofthedisplay.Entering setup data is accomplished using the numerickeypadortheshuttle.Operatingstatusisshownonscreenusingvariouscolorstodistinguishbetweensetting, measurements and operator warnings, or errormessages.Thebuilt-inwebserverprovidesaccesstoalargecomputertouchmonitorbaseduserinterfacewithcompletecontroloverallLMXFunctionsandfeatureswithouttheneedforanyspecialsoftware.Thewebbrowserbasedprogramandmeasurementscreenisshown to the right.",Powerful yet Easy to Use
"",
"Powerful yet Easy to UseAlthoughLMXSeriessourcesofferawiderangeofoperating modes and features, they are easy to operatethrough a large full color LCD display and soft key drivenmenus.Top level menus are always available directly by pressinganyofthefivemenukeysontheleftofthedisplay.Entering setup data is accomplished using the numerickeypadortheshuttle.Operatingstatusisshownonscreenusingvariouscolorstodistinguishbetweensetting, measurements and operator warnings, or errormessages.Thebuilt-inwebserverprovidesaccesstoalargecomputertouchmonitorbaseduserinterfacewithcompletecontroloverallLMXFunctionsandfeatureswithouttheneedforanyspecialsoftware.Thewebbrowserbasedprogramandmeasurementscreenisshown to the right."
""
Touch Screen and WiFi Connection
"Waveform Controlwww.pacificpower.comsales@pacificpower.comToll Free: 1.800.854.2433Tel: +1.949.251.1800Page 5 of 12"
"",LMX SERIES
Transient Programming for AC Power Test Applications
""
"",
"The LMX Series' rich feature set supports a wide variety ofAC power test applications. With full control over voltage,current, frequency, power, slew rates and phase angles, notest requirement is too challenging for the LMX to handle.This includes AC power compliance testing, transformertesting, appliance testing, DC charger testing, UPS testingand more.The scope images shown here capture several examplesof AC power test waveforms generated by an LMX.Three Phase Unbalance Voltage Test CapturedThree Phase Voltage Drop Test CapturedAC Transient Output Captured on Digital Scope"
""
Page 6 of 12www.pacificpower.comsales@pacificpower.comToll Free: 1.800.854.2433Tel: +1.949.251.1800
"",LMX SERIES
"200 Selectable Arbitrary WaveformsIn addition to sine wave, the LMX Series offers multipleselectable AC waveforms such as clipped sine wave atvariousdistortionlevels,square,triangleandsteppedsquares.  The operator can create arbitrary waveformsusing Pacific Power's PPSC Studio Windows software  orusing a web browser and download these to the powersource.Agraphicalrepresentation(preview)ofeachwaveform is shown on screen and a waveform name aliascan be assigned to each so the operator can be sure thecorrect waveform is applied to the unit under test.Clipped Sine Waveform Selection - Vthd = 2%",200 Selectable Arbitrary Waveforms
Capture Voltage & Current Waveforms
"Harmonics MeasurementsEliminatetheneedforanexternalpoweranalyzer by measuring voltage and currentharmonics.Harmonicsinformationisdisplayedineitherbarchartsordetailedtable format for easy viewing and analysis.Data is displayed for individual phase or allthree phase simultaneously."
""
""
"Harmonics MeasurementsEliminatetheneedforanexternalpoweranalyzer by measuring voltage and currentharmonics.Harmonicsinformationisdisplayedineitherbarchartsordetailedtable format for easy viewing and analysis.Data is displayed for individual phase or allthree phase simultaneously.",Harmonics Measurements
"",
"",
Auxiliary I/O Functions
""
"Waveform Controlwww.pacificpower.comsales@pacificpower.comToll Free: 1.800.854.2433Tel: +1.949.251.1800Page 7 of 12"
"",LMX SERIES
"",
"",
""
""
""
""
Single Phase Models
Direct Coupled Output Units (15 Hz - 5000 Hz)
MODEL,"RatedPower(VA)1","OutputForm2",Output Voltage Max3 (l-n/l-l),"Output Current4 (A)","InputPower 5","UnitHeight(in.-U)","UnitWeight(lbs/kg)"
105LMX,500,1/2,0-135/270,4/2,1Ø,5.25-3U,70/31.8
108LMX,750,1/2,0-135/270,6/3,1Ø,5.25-3U,70/31.8
112LMX,1200,1/2,0-150/300,10/5,1Ø,5.25-3U,80/36.3
140LMX,4000,1/2,0-135/270,32/16,3Ø,14-8U,185/84.0
160LMX,6000,1/2,0-135/270,48/16,3Ø,14-8U,195/88.6
Direct / Transformer Coupled Selectable Output Units (45 Hz - 5000 Hz)
MODEL,"RatedPower(VA)1","OutputForm2",Output Voltage Max3 (l-n/l-l),"Output Current4 (A)","InputPower 5","UnitHeight (in.-U)Weight(lbs/kg)","TransformerHeight (in.-U)Weight(lbs/kg)",,,,,,
"",,,Direct,Transformer,Direct,Transformer,,,,,,,
"",,,"Ratio1.5:1","Ratio2.0:1","Ratio2.5:1","Ratio1.5:1","Ratio2.0:1","Ratio2.5:1",,,,,
105LMXT,500,1/2,0-135/270,0-202/404,0-270/540,0-338/600,4/2,2.6/1.3,2/1,1.6/0.8,1Ø,"5.25-3U97/44.0",Integrated
108LMXT,750,1/2,0-135/270,0-202/404,0-270/540,0-338/600,6/3,4/2,3/1.5,2.4/1.2,1Ø,"5.25-3U97/44.0",Integrated
140LMXT,4000,1/2,0-135/270,0-202/404,0-270/540,0-338/600,32/16,21.3/10.7,16/8,12.8/6.4,3Ø,"14-8U185/84.0","5.25-3U125/56.8"
160LMXT,6000,1/2,0-135/270,0-202/404,0-270/540,0-338/600,48/16,32/10.7,24/8,19.2/6.4,3Ø,"14-8U195/88.6","5.25-3U125/56.8"
""
35,,
"",,
35,,""",m"
"",,
"",,
35
""
""
35,
"",35
"",
""
""
""
1,.,"U5"",mm"
""
""
""
""
Page 8 of 12www.pacificpower.comsales@pacificpower.comToll Free: 1.800.854.2433Tel: +1.949.251.1800
"",LMX SERIES
Three Phase Models
Direct Coupled Output Units (15 Hz - 5000 Hz)
MODEL,"RatedPower(VA)1","OutputForm2",Output Voltage Max3 (l-n/l-l),"Output Current4 (A)rms","InputPower5","UnitHeight(in.-U)","UnitWeight(lbs/kg)"
305LMX,500,"1/23","0-135/2700-135/234","4/21.3/Ø",1Ø,5.25-3U,74/33.6
308LMX,750,"1/23","0-135/2700-135/234","6/22/Ø",1Ø,5.25-3U,74/33.6
312LMX,1200,"1/23","0-150/3000-150/260","10/3.33.3/Ø",1Ø,5.25-3U,80/36.3
320LMX,2000,"1/23","0-135/2700-135/234","18/66/Ø",3Ø,8.75-5U,150/68.2
345LMX,4500,"1/23","0-135/2700-135/234","36/1212/Ø",3Ø,14-8U,190/86.3
360LMX,6000,"1/23","0-135/2700-135/234","48/1616/Ø",3Ø,14-8U,195/88.6
Direct / Transformer Coupled Selectable Output Units (45 Hz - 5000 Hz)
MODEL,"RatedPower(VA)1","OutputForm2",Output Voltage Max3 (l-n/l-l),"Output Current4 (A)","InputPower5","UnitHeight (in.-U)Weight(lbs/kg)","TransformerHeight (in.-U)Weight(lbs/kg)",,,,,,
"",,,Direct,Transformer,Direct,Transformer,,,,,,,
"",,,,"Ratio1.5:1","Ratio2.0:1","Ratio2.5:1","Ratio1.5:1","Ratio2.0:1","Ratio2.5:1",,,,
305LMXT,500,"1/23","0-135/2700-135/234","0-202/4040-202/350","0-270/5400-270/468","0-338/6000-338/585","4/21.5/Ø","2.6/1.31.0/Ø","2/10.75/Ø","1.6/0.80.6/Ø",1Ø,"5.25-3U100/45.5",Integrated
308LMXT,750,"1/23","0-135/2700-135/234","0-202/4040-202/350","0-270/5400-270/468","0-338/6000-338/585","6/22/Ø","4/1.31.3/Ø","3/11/Ø","2.4/0.80.8/Ø",1Ø,"5.25-3U100/45.5",Integrated
320LMXT,2000,"1/23","0-135/2700-135/234","0-202/4040-202/350","0-270/5400-270/468","0-338/6000-338/585","18/66/Ø","12/44/Ø","9/33/Ø","7.2/2.42.4/Ø",3Ø,"8.75-5U150/68.2","5.25-3U125/56.8"
345LMXT,4500,"1/23","0-135/2700-135/234","0-202/4040-202/350","0-270/5400-270/468","0-338/6000-338/585","36/1212/Ø","24/88/Ø","18/66/Ø","14.4/4.84.8/Ø",3Ø,"14-8U190/86.3","5.25-3U125/56.8"
360LMXT,6000,"1/23","0-135/2700-135/234","0-202/4040-202/350","0-270/5400-270/468","0-338/6000-338/585","48/1616/Ø","32/10.710.7/Ø","24/88/Ø","19.2/6.46.4/Ø",3Ø,"14-8U195/88.6","5.25-3U125/56.8"
Parallel Configurations for Higher Power
MODEL1,Consist of,Phase Mode,"RatedPower"
390/180LMX,2 x 345 or 140LMX,3 & 2 or 1 Phase,9 / 8 kVA
3120/1120LMX,2 x 360 or 160LMX,3 & 2 or 1 Phase,12 kVA
3180 /1180LMX,3 x 360 or 160LMX,3 & 2 or 1 Phase,18 kVA
3240/1240LMX,4 x 360 or 160LMX,3 & 2 or 1 Phase,24 kVA
3300/1300LMX,5 x 360 or 160LMX,3 & 2 or 1 Phase,30 kVA
"Waveform Controlwww.pacificpower.comsales@pacificpower.comToll Free: 1.800.854.2433Tel: +1.949.251.1800Page 9 of 12"
"",LMX SERIES
"",
"",
"",
""
""
""
""
""
""
Technical Specifications (common to all LMX Models)
OUTPUT,SPECIFICATION,
Power,,
Output,See Model Tables page 8 & 9,
Voltage,,
Mode,AC,
Direct Coupled Range1,0-135 Vac LN / 0-234 Vac LL,
T-Option Ranges,"Turns ratios: 1.5:1, 2.0:1, 2.5:1",
Programming Resolution,0.01 V,
Accuracy,±0.1% (CSC mode),
"Waveforms(200 Max.)","Sine, Square, Triangle,Clipped (THD), Arbitrary",
DC Offset,< 20 mV,
Harmonic Distortion (Vthd),"(full, resistive load)",
3U Models:,"15~450 Hz: < 0.1%450~5000 Hz: <  f x 0.076% +0.07% (f in kHz)",
5U Models:,"15~1000 Hz: < 0.1%1000~5000 Hz: < 0.25%",
8U Models:,,
Output Noise,< 50 mVrms,
Load Regulation,"± 0.02% F.S. in CSC Mode±0.25% F.S. CSC off",
Line Regulation,< 0.1% for 10% Line Change,
Voltage Sense,"External Sense, max. voltagedrop 5% F.S.",
Voltage Response Time,5 μsec typical step load change,
Small Signal Bandwidth,"5 Hz to 40 kHz, ±3dB, 10% F.S.",
Isolation,,
Output Neutral to Chassis,150Vac,
Frequency,,
Direct Coupled Range,15.00 – 5000.0 Hz,
T-Option,45.00 – 5000.0 Hz,
Programming Resolution,0.01 Hz,
Accuracy,± 0.005% / 50 ppm,
Current,,
Range,See Model Tables page 8 & 9,
Programming Resolution,0.01 Arms,
Accuracy2,± (0.5% + f (kHz) * 0.5%) F.S.,
"Current Protection (CP)Modes","Constant Current (CC)or Output Trip (CV)",
Phase Angle (In 3 and 2 Phas,Mode),
"Programmable Phase (B, C)",0 - 359.9°,
Resolution,0.1°,
Accuracy,±0.35° / ±0.1° Phase Reg. Mode,
Programmable Impedance,"Per unit, incl paralleled)",
Available Modes,"Real-time mode, RMS mode",
Phase Mode,1 Phs / 3 Phs,2 Phs
Resistance (R),±100 W,±200 W
Inductance (L),0 - 2 mH,0 - 4 mH
TRANSIENTS,Specification
Programming,
No. of Entries,200 Steps / 400 segments
Modes,"LIST, PULSE, STEP"
Parameters,"Frequency, Volt AC, Waveform,Ramp Time, Dwell Time"
Dwell Time Range,0.2 - 10000000.0 msec
Time Resolution,0.1 msec
Edit Modes,"Add at end, Insert before, Delete"
Execution,
Run Control,"Run from step # to step #Run, Step, Restart, Stop"
Execution Modes,"Normal, Debug"
Program Storage,
Non-volatile,100 Programs + Transients
MEASUREMENTS,SPECIFICATION
AC Voltage (Vrms),
Range,0 – 340 VLN / 0-600 VLL
Resolution,0.01 V
Accuracy,± 0.1% F.S.
Frequency (Hz),
Fundamental Range,15 - 5000 Hz
Resolution,0.01 Hz
Accuracy,± 0.1% Rdg
AC Current (Arms),
Range,See Model Tables page 8 & 9
Resolution,0.01 Arms
Accuracy1,± (0.5% + f (kHz) * 0.5%) F.S.
Current Crest Factor,
Range,1.00 - 5.00
Resolution,0.01
Accuracy1,± 2.0% F.S.
AC Power (W),
Range,See Model Tables page 8 & 9
Resolution,1 W front panel / 0.1 W remote
Accuracy1,± 0.75 % F.S.
Apparent Power (VA),
Range,See Model Tables page 8 & 9
Resolution,1 VA front panel / 0.1 VA remote
Accuracy1,± 0.75 % F.S.
Power Factor,
Range,0.00 - 1.00
Resolution,0.01
PROTECTION,SPECIFICATION
Types,"AC Current, True Power, Appar-ent Power, Over Voltage, OverTemperature"
WAVEFORM CAPTURE,SPECIFICATION
Parameters,"VLN-A, VLN-B, VLN-C,VLL AB ,VLL AC ,VLL BC ,IA, IB, IC"
Max. Sample Rate,500 ksps
Samples/cycle,"1024  (512 in UPC Compatibilitymode)"
Record Length,8 MSamples
Bandwidth,100 kHz @ 500 ksps
Page 10 of 12www.pacificpower.comsales@pacificpower.comToll Free: 1.800.854.2433Tel: +1.949.251.1800
"",,LMX SERIES
Technical Specifications (continued)
HARMONICS MEAS.,SPECIFICATION
Parameters,"VLN-A, VLN-B, VLN-C,VLL AB ,VLL AC ,VLL BC ,IA, IB, IC"
Harmonics Range,H2 ~ H50
Accuracy – Amplitude,± 1.0 % of RMS Reading
Phase Angle Range,0 ~ 359.9
Accuracy - Phase Angle,< 8 msec
Bandwidth,100 kHz @ 500 ksps
Display Modes,"Table format, Graph Format"
AC INPUT,SPECIFICATION
Mains Voltage Form,"4 Wire, L1, L2, L3 and PE"
Frequency,47 - 63 Hz
Single Phase AC Input Se,ections
Input Voltages,"100, 110, 120, 200, 220 or 240 Vac"
Phase Current,Model specific
Input Power Factor,> 0.9
Three Phase AC Input Sel,ctions
Input Voltages,"208, 220, 240, 380, 416 or 480 Vac"
Phase Current,Model specific
Input Power Factor,> 0.9
ANALOG I/O,SPECIFICATION
Analog Inputs (4),
Modes,"Amplifier, Amplitude Modulation, Int.+ Ext. Input Summing"
"AI1, AI2, AI3","Programmable setting phs A, B, C"
AI4,Frequency
Range,0 -10 Vdc for 0 - F.S.
Accuracy,± 0.1% F.S.
Impedance,10 kOhm
Analog Outputs (4),
"AO1, AO2, AO3","Voltage Meas. phs A, B, C"
AO4,Power Measurement Total
Range,0 - 10Vdc for 0 - F.S.
Accuracy,± 0.1% F.S. into > 5 kOhm load
Impedance,5 kOhm
Connector Type,"DB25, Rear Panel"
ENVIRONMENTAL,SPECIFICATION
Cooling,"Variable speed fan cooled, front and/orside air intake, rear exhaust"
Audible Noise,65 dBA Max. @ 1 meter
Temperature,
Operating,0 to 55 °C / 32 to 131 °F
Storage,-10 to 70 °C / 14 to 158 °F
Humidity,"< 0 - 95 %, non-condensing"
Altitude,"Operating: 1,981 m / 6500 feetStorage: 12,192 m / 40,000 feet"
DIGITAL I/O,SPECIFICATION
Digital Inputs (6),
Fixed (3),"Remote Inhibit, Transient Trigger,Phase Sync"
User Programmable (3),"DI1, DI2, DI3"
Input Levels,"Low < 0.4V, High > 2.0V"
Digital Outputs (6),
"Open Collector, Fixed(2)","Relay Control FORM, Relay Control TOption"
"TTL, Fixed (2)","Output Relay/Transient/Function StrobePhase Sync"
User Programmable (2),"DO1, DO2"
Output Levels,"Low < 0.4V, High > 4.6V"
Connector Type,"DB25, Rear Panel"
SYSTEM FEATURES,DESCRIPTION
"",
Type,"Full Color, Touch LCD Display"
Size,"4.3"" Diagonal"
Resolution,480 x 272 pixels
USB Ports,"2 Front Panel, 1 Rear Panel, Type A"
SD Card,32 GB max. Capacity
Video Output,"Monitor Out, Front Panel"
MECHANICAL,SPECIFICATION
Dimensions,
Width,"19"" / 482mm"
Height,See Model Tables page 8 & 9
"Depth(Includes rear connectors,excludes rack handles)","3U Models: 23.8"" / 604 mm5U Models: 25.1"" / 637 mm8U Models: 24.4"" / 621 mm"
Weight,
Net,See Model Tables page 8 & 9
INTERFACES,DESCRIPTION
Remote Control,
USB,Device Type B
RS232,1200 - 921600 baud
LAN,"LXI compliant, Ethernet, RJ45, TCP/IPProtocol, Telnet Protocol CommandLine"
GPIB,"IEEE488,1, IEEE488.2 (2003 incl., NI HS488)IEC 60488-1, IEC 60488-2 (2004)"
"","Functions: SH1, AH1, T6, L3, SR1, RL1, DC1, DT1"
WiFi,"Optional USB WiFi adaptoravailable"
REGULATORY,SPECIFICATION
Safety,IEC 61010-1:2010 (Edition 3)
EMC,
Emissions Standard,EN 55011:2009+A1:2010
Immunity Standard,"EN 61000-4-2, -3, -4, -5, -6, -8, -11"
Product Category,"EN 61326-1:2013 (Measurement,Laboratory and Control Equipment)"
Approvals (Option),"CE Mark, NRTL Safety"
RoHS (DIRECTIVE 2011/,5/EU)
Product Category,EN50581:2012
"Waveform Controlwww.pacificpower.comsales@pacificpower.comToll Free: 1.800.854.2433Tel: +1.949.251.1800Page 11 of 12"
"",,
"",,
"",,
"",,
"",,
"",,
"",,
"",,
"",LMX SERIES,
"",,
"",,
"",,
"",,
"",,
"",,
"",,
"",,
Ordering Information
Standard Models
"Single Phase Models (T = Option)Three Phase Models (T = Option)AC Input Voltages (VIN)105LMX(T)305LMX(T)Must be specified on order, see pages 8 & 9108LMX(T)308LMX(T)Options112LMX312LMX413     Option ""C"" Interharmonics Generator140LMX(T)320LMX(T)PB*     Parallel Bus Master UnitAUX*  Parallel Auxiliary Unit, no controlller160LMX(T)345LMX(T)E          Export version, ""E"" postfix360LMX(T)* Available on 140, 160, 345 & 360LMX models only"
""
"Single Phase Models (T = Option)Three Phase Models (T = Option)AC Input Voltages (VIN)105LMX(T)305LMX(T)Must be specified on order, see pages 8 & 9108LMX(T)308LMX(T)Options112LMX312LMX413     Option ""C"" Interharmonics Generator140LMX(T)320LMX(T)PB*     Parallel Bus Master UnitAUX*  Parallel Auxiliary Unit, no controlller160LMX(T)345LMX(T)E          Export version, ""E"" postfix360LMX(T)* Available on 140, 160, 345 & 360LMX models only"
""
"Single Phase Models (T = Option)Three Phase Models (T = Option)AC Input Voltages (VIN)105LMX(T)305LMX(T)Must be specified on order, see pages 8 & 9108LMX(T)308LMX(T)Options112LMX312LMX413     Option ""C"" Interharmonics Generator140LMX(T)320LMX(T)PB*     Parallel Bus Master UnitAUX*  Parallel Auxiliary Unit, no controlller160LMX(T)345LMX(T)E          Export version, ""E"" postfix360LMX(T)* Available on 140, 160, 345 & 360LMX models only"
""
"Single Phase Models (T = Option)Three Phase Models (T = Option)AC Input Voltages (VIN)105LMX(T)305LMX(T)Must be specified on order, see pages 8 & 9108LMX(T)308LMX(T)Options112LMX312LMX413     Option ""C"" Interharmonics Generator140LMX(T)320LMX(T)PB*     Parallel Bus Master UnitAUX*  Parallel Auxiliary Unit, no controlller160LMX(T)345LMX(T)E          Export version, ""E"" postfix360LMX(T)* Available on 140, 160, 345 & 360LMX models only"
""
"Single Phase Models (T = Option)Three Phase Models (T = Option)AC Input Voltages (VIN)105LMX(T)305LMX(T)Must be specified on order, see pages 8 & 9108LMX(T)308LMX(T)Options112LMX312LMX413     Option ""C"" Interharmonics Generator140LMX(T)320LMX(T)PB*     Parallel Bus Master UnitAUX*  Parallel Auxiliary Unit, no controlller160LMX(T)345LMX(T)E          Export version, ""E"" postfix360LMX(T)* Available on 140, 160, 345 & 360LMX models only"
""
"Single Phase Models (T = Option)Three Phase Models (T = Option)AC Input Voltages (VIN)105LMX(T)305LMX(T)Must be specified on order, see pages 8 & 9108LMX(T)308LMX(T)Options112LMX312LMX413     Option ""C"" Interharmonics Generator140LMX(T)320LMX(T)PB*     Parallel Bus Master UnitAUX*  Parallel Auxiliary Unit, no controlller160LMX(T)345LMX(T)E          Export version, ""E"" postfix360LMX(T)* Available on 140, 160, 345 & 360LMX models only"
""
"Single Phase Models (T = Option)Three Phase Models (T = Option)AC Input Voltages (VIN)105LMX(T)305LMX(T)Must be specified on order, see pages 8 & 9108LMX(T)308LMX(T)Options112LMX312LMX413     Option ""C"" Interharmonics Generator140LMX(T)320LMX(T)PB*     Parallel Bus Master UnitAUX*  Parallel Auxiliary Unit, no controlller160LMX(T)345LMX(T)E          Export version, ""E"" postfix360LMX(T)* Available on 140, 160, 345 & 360LMX models only"
""
"Single Phase Models (T = Option)Three Phase Models (T = Option)AC Input Voltages (VIN)105LMX(T)305LMX(T)Must be specified on order, see pages 8 & 9108LMX(T)308LMX(T)Options112LMX312LMX413     Option ""C"" Interharmonics Generator140LMX(T)320LMX(T)PB*     Parallel Bus Master UnitAUX*  Parallel Auxiliary Unit, no controlller160LMX(T)345LMX(T)E          Export version, ""E"" postfix360LMX(T)* Available on 140, 160, 345 & 360LMX models only"
""
"Single Phase Models (T = Option)Three Phase Models (T = Option)AC Input Voltages (VIN)105LMX(T)305LMX(T)Must be specified on order, see pages 8 & 9108LMX(T)308LMX(T)Options112LMX312LMX413     Option ""C"" Interharmonics Generator140LMX(T)320LMX(T)PB*     Parallel Bus Master UnitAUX*  Parallel Auxiliary Unit, no controlller160LMX(T)345LMX(T)E          Export version, ""E"" postfix360LMX(T)* Available on 140, 160, 345 & 360LMX models only"
""
"Single Phase Models (T = Option)Three Phase Models (T = Option)AC Input Voltages (VIN)105LMX(T)305LMX(T)Must be specified on order, see pages 8 & 9108LMX(T)308LMX(T)Options112LMX312LMX413     Option ""C"" Interharmonics Generator140LMX(T)320LMX(T)PB*     Parallel Bus Master UnitAUX*  Parallel Auxiliary Unit, no controlller160LMX(T)345LMX(T)E          Export version, ""E"" postfix360LMX(T)* Available on 140, 160, 345 & 360LMX models only"
""
"Single Phase Models (T = Option)Three Phase Models (T = Option)AC Input Voltages (VIN)105LMX(T)305LMX(T)Must be specified on order, see pages 8 & 9108LMX(T)308LMX(T)Options112LMX312LMX413     Option ""C"" Interharmonics Generator140LMX(T)320LMX(T)PB*     Parallel Bus Master UnitAUX*  Parallel Auxiliary Unit, no controlller160LMX(T)345LMX(T)E          Export version, ""E"" postfix360LMX(T)* Available on 140, 160, 345 & 360LMX models only"
Options
"Single Phase Models (T = Option)Three Phase Models (T = Option)AC Input Voltages (VIN)105LMX(T)305LMX(T)Must be specified on order, see pages 8 & 9108LMX(T)308LMX(T)Options112LMX312LMX413     Option ""C"" Interharmonics Generator140LMX(T)320LMX(T)PB*     Parallel Bus Master UnitAUX*  Parallel Auxiliary Unit, no controlller160LMX(T)345LMX(T)E          Export version, ""E"" postfix360LMX(T)* Available on 140, 160, 345 & 360LMX models only"
""
"Single Phase Models (T = Option)Three Phase Models (T = Option)AC Input Voltages (VIN)105LMX(T)305LMX(T)Must be specified on order, see pages 8 & 9108LMX(T)308LMX(T)Options112LMX312LMX413     Option ""C"" Interharmonics Generator140LMX(T)320LMX(T)PB*     Parallel Bus Master UnitAUX*  Parallel Auxiliary Unit, no controlller160LMX(T)345LMX(T)E          Export version, ""E"" postfix360LMX(T)* Available on 140, 160, 345 & 360LMX models only"
""
"Single Phase Models (T = Option)Three Phase Models (T = Option)AC Input Voltages (VIN)105LMX(T)305LMX(T)Must be specified on order, see pages 8 & 9108LMX(T)308LMX(T)Options112LMX312LMX413     Option ""C"" Interharmonics Generator140LMX(T)320LMX(T)PB*     Parallel Bus Master UnitAUX*  Parallel Auxiliary Unit, no controlller160LMX(T)345LMX(T)E          Export version, ""E"" postfix360LMX(T)* Available on 140, 160, 345 & 360LMX models only"
""
"Single Phase Models (T = Option)Three Phase Models (T = Option)AC Input Voltages (VIN)105LMX(T)305LMX(T)Must be specified on order, see pages 8 & 9108LMX(T)308LMX(T)Options112LMX312LMX413     Option ""C"" Interharmonics Generator140LMX(T)320LMX(T)PB*     Parallel Bus Master UnitAUX*  Parallel Auxiliary Unit, no controlller160LMX(T)345LMX(T)E          Export version, ""E"" postfix360LMX(T)* Available on 140, 160, 345 & 360LMX models only"
""
"Single Phase Models (T = Option)Three Phase Models (T = Option)AC Input Voltages (VIN)105LMX(T)305LMX(T)Must be specified on order, see pages 8 & 9108LMX(T)308LMX(T)Options112LMX312LMX413     Option ""C"" Interharmonics Generator140LMX(T)320LMX(T)PB*     Parallel Bus Master UnitAUX*  Parallel Auxiliary Unit, no controlller160LMX(T)345LMX(T)E          Export version, ""E"" postfix360LMX(T)* Available on 140, 160, 345 & 360LMX models only"
""
"Single Phase Models (T = Option)Three Phase Models (T = Option)AC Input Voltages (VIN)105LMX(T)305LMX(T)Must be specified on order, see pages 8 & 9108LMX(T)308LMX(T)Options112LMX312LMX413     Option ""C"" Interharmonics Generator140LMX(T)320LMX(T)PB*     Parallel Bus Master UnitAUX*  Parallel Auxiliary Unit, no controlller160LMX(T)345LMX(T)E          Export version, ""E"" postfix360LMX(T)* Available on 140, 160, 345 & 360LMX models only",,
Single Phase Models (T = Option),Three Phase Models (T = Option),AC Input Voltages (VIN)
"",,
"",,Options
"",,
"",,
"",,
"",,
"",,
"",,
"",,
"Single Phase Models (T = Option)Three Phase Models (T = Option)AC Input Voltages (VIN)105LMX(T)305LMX(T)Must be specified on order, see pages 8 & 9108LMX(T)308LMX(T)Options112LMX312LMX413     Option ""C"" Interharmonics Generator140LMX(T)320LMX(T)PB*     Parallel Bus Master UnitAUX*  Parallel Auxiliary Unit, no controlller160LMX(T)345LMX(T)E          Export version, ""E"" postfix360LMX(T)* Available on 140, 160, 345 & 360LMX models only"
""
"Single Phase Models (T = Option)Three Phase Models (T = Option)AC Input Voltages (VIN)105LMX(T)305LMX(T)Must be specified on order, see pages 8 & 9108LMX(T)308LMX(T)Options112LMX312LMX413     Option ""C"" Interharmonics Generator140LMX(T)320LMX(T)PB*     Parallel Bus Master UnitAUX*  Parallel Auxiliary Unit, no controlller160LMX(T)345LMX(T)E          Export version, ""E"" postfix360LMX(T)* Available on 140, 160, 345 & 360LMX models only"
Three Phase Models (T = Option)
"Single Phase Models (T = Option)Three Phase Models (T = Option)AC Input Voltages (VIN)105LMX(T)305LMX(T)Must be specified on order, see pages 8 & 9108LMX(T)308LMX(T)Options112LMX312LMX413     Option ""C"" Interharmonics Generator140LMX(T)320LMX(T)PB*     Parallel Bus Master UnitAUX*  Parallel Auxiliary Unit, no controlller160LMX(T)345LMX(T)E          Export version, ""E"" postfix360LMX(T)* Available on 140, 160, 345 & 360LMX models only"
Single Phase Models (T = Option)
"Single Phase Models (T = Option)Three Phase Models (T = Option)AC Input Voltages (VIN)105LMX(T)305LMX(T)Must be specified on order, see pages 8 & 9108LMX(T)308LMX(T)Options112LMX312LMX413     Option ""C"" Interharmonics Generator140LMX(T)320LMX(T)PB*     Parallel Bus Master UnitAUX*  Parallel Auxiliary Unit, no controlller160LMX(T)345LMX(T)E          Export version, ""E"" postfix360LMX(T)* Available on 140, 160, 345 & 360LMX models only"
AC Input Voltages (VIN)
"pnnLMXT-PBCE-CEx1 = Single PhaseCE_ = CE Mark option3 = Three Phase2 = 208-240Vinput05 = 500VA4 = 380-480Vinput08 = 750VAE = Export Version12 = 1200VADelete for non Export20 = 2000VAC = IEC413 Interharmonics Option40 = 4000VA45 = 4500VAPB = Parallel Bus.60 = 6000VAAUX = Auxiliary Parallel UnitT = Transformer OptionValid for 8U models only. Mutually exclusive.Delete for no T OptionDelete if not part a parallel system."
""
"pnnLMXT-PBCE-CEx1 = Single PhaseCE_ = CE Mark option3 = Three Phase2 = 208-240Vinput05 = 500VA4 = 380-480Vinput08 = 750VAE = Export Version12 = 1200VADelete for non Export20 = 2000VAC = IEC413 Interharmonics Option40 = 4000VA45 = 4500VAPB = Parallel Bus.60 = 6000VAAUX = Auxiliary Parallel UnitT = Transformer OptionValid for 8U models only. Mutually exclusive.Delete for no T OptionDelete if not part a parallel system."
""
"pnnLMXT-PBCE-CEx1 = Single PhaseCE_ = CE Mark option3 = Three Phase2 = 208-240Vinput05 = 500VA4 = 380-480Vinput08 = 750VAE = Export Version12 = 1200VADelete for non Export20 = 2000VAC = IEC413 Interharmonics Option40 = 4000VA45 = 4500VAPB = Parallel Bus.60 = 6000VAAUX = Auxiliary Parallel UnitT = Transformer OptionValid for 8U models only. Mutually exclusive.Delete for no T OptionDelete if not part a parallel system.",,,,,,,,
p,nn,LMX,T,-,PB,C,E,-CEx
"pnnLMXT-PBCE-CEx1 = Single PhaseCE_ = CE Mark option3 = Three Phase2 = 208-240Vinput05 = 500VA4 = 380-480Vinput08 = 750VAE = Export Version12 = 1200VADelete for non Export20 = 2000VAC = IEC413 Interharmonics Option40 = 4000VA45 = 4500VAPB = Parallel Bus.60 = 6000VAAUX = Auxiliary Parallel UnitT = Transformer OptionValid for 8U models only. Mutually exclusive.Delete for no T OptionDelete if not part a parallel system.",,,,,,,,
p,nn,LMX,T,-,PB,C,E,-CEx
"",,,,,,,,
"",,,,,,,,
"Windows 10 Software - 64 BitTest Sequences - Avionics2Test Sequences - Other2PPSC Studio Control SoftwareABD0100.1.8 - Airbus A380, AC Power GroupsIEC Test Suite - Includes IEC61000-4-PPSC Test ManagerABD0100.1.8.1 - Airbus A350, AC Power Groups11p, IEC61000-4-14, IEC61000-4-27p,AMD24C - Airbus A400M, AC Power GroupsIEC61000-4-28 and IEC61000-4-34pBoeing 787B3-0147 - B787, AC Power GroupsMIL-STD 1399-300B - US DoD, Ship-MIL-STD704 - US DoD, AC Power Groupsboard Power, AC Power GroupsRTCA-DO160 Section 16, AC Power Groups"
""
"Windows 10 Software - 64 BitTest Sequences - Avionics2Test Sequences - Other2PPSC Studio Control SoftwareABD0100.1.8 - Airbus A380, AC Power GroupsIEC Test Suite - Includes IEC61000-4-PPSC Test ManagerABD0100.1.8.1 - Airbus A350, AC Power Groups11p, IEC61000-4-14, IEC61000-4-27p,AMD24C - Airbus A400M, AC Power GroupsIEC61000-4-28 and IEC61000-4-34pBoeing 787B3-0147 - B787, AC Power GroupsMIL-STD 1399-300B - US DoD, Ship-MIL-STD704 - US DoD, AC Power Groupsboard Power, AC Power GroupsRTCA-DO160 Section 16, AC Power Groups"
""
"Windows 10 Software - 64 BitTest Sequences - Avionics2Test Sequences - Other2PPSC Studio Control SoftwareABD0100.1.8 - Airbus A380, AC Power GroupsIEC Test Suite - Includes IEC61000-4-PPSC Test ManagerABD0100.1.8.1 - Airbus A350, AC Power Groups11p, IEC61000-4-14, IEC61000-4-27p,AMD24C - Airbus A400M, AC Power GroupsIEC61000-4-28 and IEC61000-4-34pBoeing 787B3-0147 - B787, AC Power GroupsMIL-STD 1399-300B - US DoD, Ship-MIL-STD704 - US DoD, AC Power Groupsboard Power, AC Power GroupsRTCA-DO160 Section 16, AC Power Groups"
""
"Windows 10 Software - 64 BitTest Sequences - Avionics2Test Sequences - Other2PPSC Studio Control SoftwareABD0100.1.8 - Airbus A380, AC Power GroupsIEC Test Suite - Includes IEC61000-4-PPSC Test ManagerABD0100.1.8.1 - Airbus A350, AC Power Groups11p, IEC61000-4-14, IEC61000-4-27p,AMD24C - Airbus A400M, AC Power GroupsIEC61000-4-28 and IEC61000-4-34pBoeing 787B3-0147 - B787, AC Power GroupsMIL-STD 1399-300B - US DoD, Ship-MIL-STD704 - US DoD, AC Power Groupsboard Power, AC Power GroupsRTCA-DO160 Section 16, AC Power Groups"
""
"Windows 10 Software - 64 BitTest Sequences - Avionics2Test Sequences - Other2PPSC Studio Control SoftwareABD0100.1.8 - Airbus A380, AC Power GroupsIEC Test Suite - Includes IEC61000-4-PPSC Test ManagerABD0100.1.8.1 - Airbus A350, AC Power Groups11p, IEC61000-4-14, IEC61000-4-27p,AMD24C - Airbus A400M, AC Power GroupsIEC61000-4-28 and IEC61000-4-34pBoeing 787B3-0147 - B787, AC Power GroupsMIL-STD 1399-300B - US DoD, Ship-MIL-STD704 - US DoD, AC Power Groupsboard Power, AC Power GroupsRTCA-DO160 Section 16, AC Power Groups"
""
"Windows 10 Software - 64 BitTest Sequences - Avionics2Test Sequences - Other2PPSC Studio Control SoftwareABD0100.1.8 - Airbus A380, AC Power GroupsIEC Test Suite - Includes IEC61000-4-PPSC Test ManagerABD0100.1.8.1 - Airbus A350, AC Power Groups11p, IEC61000-4-14, IEC61000-4-27p,AMD24C - Airbus A400M, AC Power GroupsIEC61000-4-28 and IEC61000-4-34pBoeing 787B3-0147 - B787, AC Power GroupsMIL-STD 1399-300B - US DoD, Ship-MIL-STD704 - US DoD, AC Power Groupsboard Power, AC Power GroupsRTCA-DO160 Section 16, AC Power Groups"
Test Sequences - Avionics2
"Windows 10 Software - 64 BitTest Sequences - Avionics2Test Sequences - Other2PPSC Studio Control SoftwareABD0100.1.8 - Airbus A380, AC Power GroupsIEC Test Suite - Includes IEC61000-4-PPSC Test ManagerABD0100.1.8.1 - Airbus A350, AC Power Groups11p, IEC61000-4-14, IEC61000-4-27p,AMD24C - Airbus A400M, AC Power GroupsIEC61000-4-28 and IEC61000-4-34pBoeing 787B3-0147 - B787, AC Power GroupsMIL-STD 1399-300B - US DoD, Ship-MIL-STD704 - US DoD, AC Power Groupsboard Power, AC Power GroupsRTCA-DO160 Section 16, AC Power Groups"
""
"Windows 10 Software - 64 BitTest Sequences - Avionics2Test Sequences - Other2PPSC Studio Control SoftwareABD0100.1.8 - Airbus A380, AC Power GroupsIEC Test Suite - Includes IEC61000-4-PPSC Test ManagerABD0100.1.8.1 - Airbus A350, AC Power Groups11p, IEC61000-4-14, IEC61000-4-27p,AMD24C - Airbus A400M, AC Power GroupsIEC61000-4-28 and IEC61000-4-34pBoeing 787B3-0147 - B787, AC Power GroupsMIL-STD 1399-300B - US DoD, Ship-MIL-STD704 - US DoD, AC Power Groupsboard Power, AC Power GroupsRTCA-DO160 Section 16, AC Power Groups"
""
"Windows 10 Software - 64 BitTest Sequences - Avionics2Test Sequences - Other2PPSC Studio Control SoftwareABD0100.1.8 - Airbus A380, AC Power GroupsIEC Test Suite - Includes IEC61000-4-PPSC Test ManagerABD0100.1.8.1 - Airbus A350, AC Power Groups11p, IEC61000-4-14, IEC61000-4-27p,AMD24C - Airbus A400M, AC Power GroupsIEC61000-4-28 and IEC61000-4-34pBoeing 787B3-0147 - B787, AC Power GroupsMIL-STD 1399-300B - US DoD, Ship-MIL-STD704 - US DoD, AC Power Groupsboard Power, AC Power GroupsRTCA-DO160 Section 16, AC Power Groups"
""
"Windows 10 Software - 64 BitTest Sequences - Avionics2Test Sequences - Other2PPSC Studio Control SoftwareABD0100.1.8 - Airbus A380, AC Power GroupsIEC Test Suite - Includes IEC61000-4-PPSC Test ManagerABD0100.1.8.1 - Airbus A350, AC Power Groups11p, IEC61000-4-14, IEC61000-4-27p,AMD24C - Airbus A400M, AC Power GroupsIEC61000-4-28 and IEC61000-4-34pBoeing 787B3-0147 - B787, AC Power GroupsMIL-STD 1399-300B - US DoD, Ship-MIL-STD704 - US DoD, AC Power Groupsboard Power, AC Power GroupsRTCA-DO160 Section 16, AC Power Groups"
""
Software Options,,
"Windows 10 Software - 64 BitTest Sequences - Avionics2Test Sequences - Other2PPSC Studio Control SoftwareABD0100.1.8 - Airbus A380, AC Power GroupsIEC Test Suite - Includes IEC61000-4-PPSC Test ManagerABD0100.1.8.1 - Airbus A350, AC Power Groups11p, IEC61000-4-14, IEC61000-4-27p,AMD24C - Airbus A400M, AC Power GroupsIEC61000-4-28 and IEC61000-4-34pBoeing 787B3-0147 - B787, AC Power GroupsMIL-STD 1399-300B - US DoD, Ship-MIL-STD704 - US DoD, AC Power Groupsboard Power, AC Power GroupsRTCA-DO160 Section 16, AC Power Groups",,
Windows 10 Software - 64 Bit,Test Sequences - Avionics2,Test Sequences - Other2
"",,
"",,
"",,
"",,
"",,
"",,
"Windows 10 Software - 64 BitTest Sequences - Avionics2Test Sequences - Other2PPSC Studio Control SoftwareABD0100.1.8 - Airbus A380, AC Power GroupsIEC Test Suite - Includes IEC61000-4-PPSC Test ManagerABD0100.1.8.1 - Airbus A350, AC Power Groups11p, IEC61000-4-14, IEC61000-4-27p,AMD24C - Airbus A400M, AC Power GroupsIEC61000-4-28 and IEC61000-4-34pBoeing 787B3-0147 - B787, AC Power GroupsMIL-STD 1399-300B - US DoD, Ship-MIL-STD704 - US DoD, AC Power Groupsboard Power, AC Power GroupsRTCA-DO160 Section 16, AC Power Groups"
Windows 10 Software - 64 Bit
"Windows 10 Software - 64 BitTest Sequences - Avionics2Test Sequences - Other2PPSC Studio Control SoftwareABD0100.1.8 - Airbus A380, AC Power GroupsIEC Test Suite - Includes IEC61000-4-PPSC Test ManagerABD0100.1.8.1 - Airbus A350, AC Power Groups11p, IEC61000-4-14, IEC61000-4-27p,AMD24C - Airbus A400M, AC Power GroupsIEC61000-4-28 and IEC61000-4-34pBoeing 787B3-0147 - B787, AC Power GroupsMIL-STD 1399-300B - US DoD, Ship-MIL-STD704 - US DoD, AC Power Groupsboard Power, AC Power GroupsRTCA-DO160 Section 16, AC Power Groups"
Test Sequences - Other2
"Windows 10 Software - 64 BitTest Sequences - Avionics2Test Sequences - Other2PPSC Studio Control SoftwareABD0100.1.8 - Airbus A380, AC Power GroupsIEC Test Suite - Includes IEC61000-4-PPSC Test ManagerABD0100.1.8.1 - Airbus A350, AC Power Groups11p, IEC61000-4-14, IEC61000-4-27p,AMD24C - Airbus A400M, AC Power GroupsIEC61000-4-28 and IEC61000-4-34pBoeing 787B3-0147 - B787, AC Power GroupsMIL-STD 1399-300B - US DoD, Ship-MIL-STD704 - US DoD, AC Power Groupsboard Power, AC Power GroupsRTCA-DO160 Section 16, AC Power Groups"
""
""
Proudly Represented by:
